112005-101;112005;101;GESTIÓN DEL TALENTO HUMANO;NULL;NULL;NULL;0;0;0;0;0;0;NULL;0;NULL;NULL;NULL
11210056-1;11210056;1;COMUNICACION Y TRABAJO COLABORATIVO CON HERRAMIENTAS DE COACHING;NULL;NULL;NULL;0;0;0;0;0;0;NULL;0;NULL;NULL;NULL
121104-1;121104;1;GESTION ADMINISTRATIVA DEL SECTOR SALUD.;NULL;NULL;NULL;0;0;0;0;0;0;NULL;0;NULL;NULL;NULL
121518-1;121518;1;DISTRIBUCIÓN FÍSICA INTERNACIONAL;NULL;NULL;NULL;0;0;0;0;0;0;NULL;0;NULL;NULL;NULL
121523-2;121523;2;COORDINACION DE PROCESOS LOGISTICOS;NULL;NULL;NULL;0;0;0;0;0;0;NULL;0;NULL;NULL;NULL
122115-100;122115;100;GESTIÓN ADMINISTRATIVA;NULL;NULL;NULL;0;0;0;0;0;0;NULL;0;NULL;NULL;NULL
122201-2;122201;2;GESTIÓN DE LA PROPIEDAD HORIZONTAL;NULL;NULL;NULL;0;0;0;0;0;0;NULL;0;NULL;NULL;NULL
122702-100;122702;100;NEGOCIACIÓN INTERNACIONAL;NULL;NULL;NULL;0;0;0;0;0;0;NULL;0;NULL;NULL;NULL
122703-1;122703;1;COMERCIO INTERNACIONAL;NULL;NULL;NULL;0;0;0;0;0;0;NULL;0;NULL;NULL;NULL
122814-1;122814;1;OPERACIÓN DE EVENTOS;NULL;NULL;NULL;0;0;0;0;0;0;NULL;0;NULL;NULL;NULL
122901-1;122901;1;GESTION DOCUMENTAL .;NULL;NULL;NULL;0;0;0;0;0;0;NULL;0;NULL;NULL;NULL
123101-1;123101;1;GESTION CONTABLE Y DE INFORMACION FINANCIERA;NULL;NULL;NULL;0;0;0;0;0;0;NULL;0;NULL;NULL;NULL
124100-1;124100;1;DESARROLLO PUBLICITARIO;NULL;NULL;NULL;0;0;0;0;0;0;NULL;0;NULL;NULL;NULL
124101-1;124101;1;DESARROLLO DE PROCESOS DE MERCADEO;NULL;NULL;NULL;0;0;0;0;0;0;NULL;0;NULL;NULL;NULL
124102-1;124102;1;PROCESOS PARA LA COMERCIALIZACION INTERNACIONAL;NULL;NULL;NULL;0;0;0;0;0;0;NULL;0;NULL;NULL;NULL
133100-1;133100;1;CONTABILIZACION DE OPERACIONES COMERCIALES Y FINANCIERAS.;NULL;NULL;NULL;0;0;0;0;0;0;NULL;0;NULL;NULL;NULL
133100-2;133100;2;CONTABILIZACION DE OPERACIONES COMERCIALES Y FINANCIERAS.;NULL;NULL;NULL;0;0;0;0;0;0;NULL;0;NULL;NULL;NULL
133303-1;133303;1;SERVICIOS COMERCIALES Y FINANCIEROS;NULL;NULL;NULL;0;0;0;0;0;0;NULL;0;NULL;NULL;NULL
133500-1;133500;1;NOMINA Y PRESTACIONES SOCIALES .;NULL;NULL;NULL;0;0;0;0;0;0;NULL;0;NULL;NULL;NULL
13350037-1;13350037;1;DISEÑO, LIQUIDACION Y PAGO DE NOMINA.;NULL;NULL;NULL;0;0;0;0;0;0;NULL;0;NULL;NULL;NULL
13410017-1;13410017;1;COMPORTAMIENTO EMPRENDEDOR;NULL;NULL;NULL;0;0;0;0;0;0;NULL;0;NULL;NULL;NULL
134101-1;134101;1;ASISTENCIA ADMINISTRATIVA .;NULL;NULL;NULL;0;0;0;0;0;0;NULL;0;NULL;NULL;NULL
134101-2;134101;2;ASISTENCIA ADMINISTRATIVA .;NULL;NULL;NULL;0;0;0;0;0;0;NULL;0;NULL;NULL;NULL
134200-1;134200;1;RECURSOS HUMANOS .;NULL;NULL;NULL;0;0;0;0;0;0;NULL;0;NULL;NULL;NULL
134200-2;134200;2;RECURSOS HUMANOS .;NULL;NULL;NULL;0;0;0;0;0;0;NULL;0;NULL;NULL;NULL
134206-1;134206;1;PRESELECCION DE TALENTO HUMANO MEDIADO POR HERRAMIENTAS TIC;NULL;NULL;NULL;0;0;0;0;0;0;NULL;0;NULL;NULL;NULL
134400-2;134400;2;ASISTENCIA EN ORGANIZACION DE ARCHIVOS .;NULL;NULL;NULL;0;0;0;0;0;0;NULL;0;NULL;NULL;NULL
134507-2;134507;2;APOYO ADMINISTRATIVO EN SALUD.;NULL;NULL;NULL;0;0;0;0;0;0;NULL;0;NULL;NULL;NULL
134508-1;134508;1;.APOYO ADMINISTRATIVO EN SALUD.;NULL;NULL;NULL;0;0;0;0;0;0;NULL;0;NULL;NULL;NULL
134600-1;134600;1;OPERACIONES DE COMERCIO EXTERIOR;NULL;NULL;NULL;0;0;0;0;0;0;NULL;0;NULL;NULL;NULL
13530001-1;13530001;1;SERVICIO  AL CLIENTE;NULL;NULL;NULL;0;0;0;0;0;0;NULL;0;NULL;NULL;NULL
13530036-1;13530036;1;MANEJO BÁSICO DE HERRAMIENTAS OFIMATICAS I;NULL;NULL;NULL;0;0;0;0;0;0;NULL;0;NULL;NULL;NULL
135401-1;135401;1;MANEJO DE INFORMACION PARA SISTEMAS DE GESTION;NULL;NULL;NULL;0;0;0;0;0;0;NULL;0;NULL;NULL;NULL
137136-1;137136;1;INTEGRACION DE OPERACIONES LOGISTICAS;NULL;NULL;NULL;0;0;0;0;0;0;NULL;0;NULL;NULL;NULL
217320-1;217320;1;DESARROLLO MULTIMEDIA Y WEB;NULL;NULL;NULL;0;0;0;0;0;0;NULL;0;NULL;NULL;NULL
221109-2;221109;2;ANÁLISIS DE MUESTRAS QUÍMICAS;NULL;NULL;NULL;0;0;0;0;0;0;NULL;0;NULL;NULL;NULL
22220002-1;22220002;1;GESTION Y EDUCACION AMBIENTAL.;NULL;NULL;NULL;0;0;0;0;0;0;NULL;0;NULL;NULL;NULL
222301-1;222301;1;MONITOREO AMBIENTAL;NULL;NULL;NULL;0;0;0;0;0;0;NULL;0;NULL;NULL;NULL
222321-1;222321;1;PROMOTORIA EN MANEJO AMBIENTAL;NULL;NULL;NULL;0;0;0;0;0;0;NULL;0;NULL;NULL;NULL
223247-1;223247;1;MANTENIMIENTO DE AUTOMATISMOS INDUSTRIALES;NULL;NULL;NULL;0;0;0;0;0;0;NULL;0;NULL;NULL;NULL
224204-1;224204;1;DESARROLLO DE PRODUCTOS ELECTRONICOS;NULL;NULL;NULL;0;0;0;0;0;0;NULL;0;NULL;NULL;NULL
224312-1;224312;1;AUTOMATIZACION DE SISTEMAS MECATRONICOS;NULL;NULL;NULL;0;0;0;0;0;0;NULL;0;NULL;NULL;NULL
224315-1;224315;1;MANTENIMIENTO DE AUTOMATISMOS INDUSTRIALES..;NULL;NULL;NULL;0;0;0;0;0;0;NULL;0;NULL;NULL;NULL
225220-1;225220;1;DIBUJO MECANICO;NULL;NULL;NULL;0;0;0;0;0;0;NULL;0;NULL;NULL;NULL
22620456-1;22620456;1;IMPLEMENTACION DEL SISTEMA DE GESTION DE LA SEGURIDAD Y SALUD EN EL TRABAJO;NULL;NULL;NULL;0;0;0;0;0;0;NULL;0;NULL;NULL;NULL
22810041-1;22810041;1;AUTOMATIZACION DE PROCESOS PARA LA EFICIENCIA ORGANIZACIONAL;NULL;NULL;NULL;0;0;0;0;0;0;NULL;0;NULL;NULL;NULL
228101-102;228101;102;PRODUCCION DE MULTIMEDIA;NULL;NULL;NULL;0;0;0;0;0;0;NULL;0;NULL;NULL;NULL
228106-102;228106;102;ANALISIS Y DESARROLLO DE SISTEMAS DE INFORMACION;NULL;NULL;NULL;0;0;0;0;0;0;NULL;0;NULL;NULL;NULL
228116-1;228116;1;IMPLEMENTACION DE INFRAESTRUCTURA DE TECNOLOGIAS DE LA INFORMACION Y LAS COMUNICACIONES.;NULL;NULL;NULL;0;0;0;0;0;0;NULL;0;NULL;NULL;NULL
228117-1;228117;1;PROGRAMACION PARA ANALITICA DE DATOS.;NULL;NULL;NULL;0;0;0;0;0;0;NULL;0;NULL;NULL;NULL
228118-1;228118;1;ANALISIS Y DESARROLLO DE SOFTWARE.;NULL;NULL;NULL;0;0;0;0;0;0;NULL;0;NULL;NULL;NULL
233101-1;233101;1;SISTEMAS.;NULL;NULL;NULL;0;0;0;0;0;0;NULL;0;NULL;NULL;NULL
233104-2;233104;2;PROGRAMACION DE SOFTWARE .;NULL;NULL;NULL;0;0;0;0;0;0;NULL;0;NULL;NULL;NULL
233105-1;233105;1;MANTENIMIENTO DE EQUIPOS DE COMPUTO.;NULL;NULL;NULL;0;0;0;0;0;0;NULL;0;NULL;NULL;NULL
233105-2;233105;2;MANTENIMIENTO DE EQUIPOS DE COMPUTO.;NULL;NULL;NULL;0;0;0;0;0;0;NULL;0;NULL;NULL;NULL
233108-1;233108;1;SISTEMAS TELEINFORMÁTICOS;NULL;NULL;NULL;0;0;0;0;0;0;NULL;0;NULL;NULL;NULL
3000021-1;3000021;1;EMPRENDEDOR EN PRODUCCION DE  DERIVADOS CARNICOS;NULL;NULL;NULL;0;0;0;0;0;0;NULL;0;NULL;NULL;NULL
331308-3;331308;3;SALUD PUBLICA;NULL;NULL;NULL;0;0;0;0;0;0;NULL;0;NULL;NULL;NULL
51240078-1;51240078;1;INGLES BASICO - NIVEL 1;NULL;NULL;NULL;0;0;0;0;0;0;NULL;0;NULL;NULL;NULL
51240087-1;51240087;1;ENGLISH DOES WORK - LEVEL 1;NULL;NULL;NULL;0;0;0;0;0;0;NULL;0;NULL;NULL;NULL
513400-1;513400;1;PRODUCCION DANCISTICA;NULL;NULL;NULL;0;0;0;0;0;0;NULL;0;NULL;NULL;NULL
513601-3;513601;3;ANIMACION DIGITAL;NULL;NULL;NULL;0;0;0;0;0;0;NULL;0;NULL;NULL;NULL
522309-1;522309;1;DESARROLLO DE MEDIOS GRAFICOS VISUALES;NULL;NULL;NULL;0;0;0;0;0;0;NULL;0;NULL;NULL;NULL
524139-2;524139;2;DISEÑO E INTEGRACION DE MULTIMEDIA;NULL;NULL;NULL;0;0;0;0;0;0;NULL;0;NULL;NULL;NULL
524300-1;524300;1;DESARROLLO DE COLECCIONES PARA LA INDUSTRIA DE LA MODA.;NULL;NULL;NULL;0;0;0;0;0;0;NULL;0;NULL;NULL;NULL
524500-3;524500;3;PATRONAJE INDUSTRIAL DE PRENDAS DE VESTIR;NULL;NULL;NULL;0;0;0;0;0;0;NULL;0;NULL;NULL;NULL
524703-1;524703;1;ANIMACION 3D.;NULL;NULL;NULL;0;0;0;0;0;0;NULL;0;NULL;NULL;NULL
524704-1;524704;1;INTEGRACION DE CONTENIDOS DIGITALES.;NULL;NULL;NULL;0;0;0;0;0;0;NULL;0;NULL;NULL;NULL
525203-100;525203;100;ENTRENAMIENTO DEPORTIVO;NULL;NULL;NULL;0;0;0;0;0;0;NULL;0;NULL;NULL;NULL
526202-1;526202;1;TEJIDO ARTESANAL CON AGUJAS.;NULL;NULL;NULL;0;0;0;0;0;0;NULL;0;NULL;NULL;NULL
6000014-1;6000014;1;GESTION DE MERCADO, COMERCIALIZACION Y VENTAS - BASADO EN EL MODELO CANVAS;NULL;NULL;NULL;0;0;0;0;0;0;NULL;0;NULL;NULL;NULL
621111-100;621111;100;DIRECCIÓN DE VENTAS;NULL;NULL;NULL;0;0;0;0;0;0;NULL;0;NULL;NULL;NULL
621113-1;621113;1;GESTIÓN DE MERCADOS;NULL;NULL;NULL;0;0;0;0;0;0;NULL;0;NULL;NULL;NULL
621128-1;621128;1;SUPERVISION DE VENTAS;NULL;NULL;NULL;0;0;0;0;0;0;NULL;0;NULL;NULL;NULL
62330028-1;62330028;1;TÉCNICAS DE NEGOCIACION;NULL;NULL;NULL;0;0;0;0;0;0;NULL;0;NULL;NULL;NULL
631101-1;631101;1;ASESORIA COMERCIAL;NULL;NULL;NULL;0;0;0;0;0;0;NULL;0;NULL;NULL;NULL
631101-2;631101;2;ASESORIA COMERCIAL;NULL;NULL;NULL;0;0;0;0;0;0;NULL;0;NULL;NULL;NULL
632201-1;632201;1;VENTA DE PRODUCTOS EN LINEA;NULL;NULL;NULL;0;0;0;0;0;0;NULL;0;NULL;NULL;NULL
633100-1;633100;1;OPERACION TURISTICA LOCAL;NULL;NULL;NULL;0;0;0;0;0;0;NULL;0;NULL;NULL;NULL
633400-2;633400;2;SERVICIO DE RECEPCION HOTELERA;NULL;NULL;NULL;0;0;0;0;0;0;NULL;0;NULL;NULL;NULL
634201-1;634201;1;RECREACION.;NULL;NULL;NULL;0;0;0;0;0;0;NULL;0;NULL;NULL;NULL
634205-103;634205;103;RECREACION;NULL;NULL;NULL;0;0;0;0;0;0;NULL;0;NULL;NULL;NULL
635201-1;635201;1;PASTELERIA;NULL;NULL;NULL;0;0;0;0;0;0;NULL;0;NULL;NULL;NULL
635503-103;635503;103;COCINA.;NULL;NULL;NULL;0;0;0;0;0;0;NULL;0;NULL;NULL;NULL
637200-1;637200;1;.ATENCION INTEGRAL A LA PRIMERA INFANCIA;NULL;NULL;NULL;0;0;0;0;0;0;NULL;0;NULL;NULL;NULL
63730737-1;63730737;1;TENDENCIAS EN DECORACION PARA MANICURA Y PEDICURA;NULL;NULL;NULL;0;0;0;0;0;0;NULL;0;NULL;NULL;NULL
63730741-1;63730741;1;BIOSEGURIDAD APLICADA A LA ESTETICA Y BELLEZA;NULL;NULL;NULL;0;0;0;0;0;0;NULL;0;NULL;NULL;NULL
637307-7;637307;7;PELUQUERIA.;NULL;NULL;NULL;0;0;0;0;0;0;NULL;0;NULL;NULL;NULL
637307-9;637307;9;PELUQUERIA.;NULL;NULL;NULL;0;0;0;0;0;0;NULL;0;NULL;NULL;NULL
637700-1;637700;1;CUIDADO ESTETICO DE MANOS Y PIES..;NULL;NULL;NULL;0;0;0;0;0;0;NULL;0;NULL;NULL;NULL
637804-1;637804;1;COSMETOLOGIA Y ESTETICA INTEGRAL..;NULL;NULL;NULL;0;0;0;0;0;0;NULL;0;NULL;NULL;NULL
662121-1;662121;1;COCINA;NULL;NULL;NULL;0;0;0;0;0;0;NULL;0;NULL;NULL;NULL
664209-1;664209;1;EJECUCION DE EVENTOS DEPORTIVOS Y RECREATIVOS;NULL;NULL;NULL;0;0;0;0;0;0;NULL;0;NULL;NULL;NULL
664212-1;664212;1;EJECUCION DE PROGRAMAS DEPORTIVOS.;NULL;NULL;NULL;0;0;0;0;0;0;NULL;0;NULL;NULL;NULL
821100-1;821100;1;PRODUCCION DE COMPONENTES MECANICOS CON MAQUINAS DE CONTROL NUMERICO COMPUTARIZADO;NULL;NULL;NULL;0;0;0;0;0;0;NULL;0;NULL;NULL;NULL
832102-1;832102;1;ELECTRICISTA INDUSTRIAL;NULL;NULL;NULL;0;0;0;0;0;0;NULL;0;NULL;NULL;NULL
832202-2;832202;2;INSTALACION DE SISTEMAS ELECTRICOS RESIDENCIALES Y COMERCIALES;NULL;NULL;NULL;0;0;0;0;0;0;NULL;0;NULL;NULL;NULL
834258-1;834258;1;SOLDADURA DE PRODUCTOS METALICOS EN PLATINA;NULL;NULL;NULL;0;0;0;0;0;0;NULL;0;NULL;NULL;NULL
836137-1;836137;1;MANTENIMIENTO Y REPARACION DE EDIFICACIONES.;NULL;NULL;NULL;0;0;0;0;0;0;NULL;0;NULL;NULL;NULL
838318-1;838318;1;MANTENIMIENTO DE MOTOCICLETAS Y MOTOCARROS.;NULL;NULL;NULL;0;0;0;0;0;0;NULL;0;NULL;NULL;NULL
841500-1;841500;1;MECANICA INDUSTRIAL.;NULL;NULL;NULL;0;0;0;0;0;0;NULL;0;NULL;NULL;NULL
842200-3;842200;3;ELABORACION DE PRENDAS DE VESTIR SOBRE MEDIDAS;NULL;NULL;NULL;0;0;0;0;0;0;NULL;0;NULL;NULL;NULL
84920091-1;84920091;1;LOGISTICA PARA LA COMERCIALIZACION DE PRODUCTOS;NULL;NULL;NULL;0;0;0;0;0;0;NULL;0;NULL;NULL;NULL
935100-1;935100;1;MANEJO DE MAQUINARIA DE CONFECCION INDUSTRIAL.;NULL;NULL;NULL;0;0;0;0;0;0;NULL;0;NULL;NULL;NULL
936113-1;936113;1;ELABORACION DE PRODUCTOS ALIMENTICIOS.;NULL;NULL;NULL;0;0;0;0;0;0;NULL;0;NULL;NULL;NULL
936161-1;936161;1;AGROINDUSTRIA ALIMENTARIA;NULL;NULL;NULL;0;0;0;0;0;0;NULL;0;NULL;NULL;NULL
96151450-1;96151450;1;ELABORACION DE PRODUCTOS DE GALLETERIA;NULL;NULL;NULL;0;0;0;0;0;0;NULL;0;NULL;NULL;NULL
961520-1;961520;1;PROCESOS DE PANADERIA;NULL;NULL;NULL;0;0;0;0;0;0;NULL;0;NULL;NULL;NULL
228185-1;228185;1;SISTEMAS;NULL;NULL;NULL;0;0;0;0;0;0;NULL;0;NULL;NULL;NULL
228120-102;228120;102;PROGRAMACION DE SOFTWARE;NULL;NULL;NULL;0;0;0;0;0;0;NULL;0;NULL;NULL;NULL
832221-2;832221;2;INSTALACIONES    ELECTRICAS     RESIDENCIALES;NULL;NULL;NULL;0;0;0;0;0;0;NULL;0;NULL;NULL;NULL
228123-1;228123;1;PROGRAMACION DE APLICACIONES PARA DISPOSITIVOS MOVILES;NULL;NULL;NULL;0;0;0;0;0;0;NULL;0;NULL;NULL;NULL
224501-1;224501;1;IMPLEMENTACION Y MANTENIMIENTO DE SISTEMAS DE INTERNET DE LAS COSAS;NULL;NULL;NULL;0;0;0;0;0;0;NULL;0;NULL;NULL;NULL
12220010-1;12220010;1;IMPLEMENTACION DE PLANES EN GESTION DE PROPIEDAD HORIZONTAL;NULL;NULL;NULL;0;0;0;0;0;0;NULL;0;NULL;NULL;NULL
63550085-3;63550085;3;HIGIENE PARA MANIPULADORES DE ALIMENTOS;NULL;NULL;NULL;0;0;0;0;0;0;NULL;0;NULL;NULL;NULL
62130004-2;62130004;2;MANIPULACION HIGIENICA DE ALIMENTOS.;NULL;NULL;NULL;0;0;0;0;0;0;NULL;0;NULL;NULL;NULL
51240080-1;51240080;1;INGLES BASICO - NIVEL 2;NULL;NULL;NULL;0;0;0;0;0;0;NULL;0;NULL;NULL;NULL
13310063-1;13310063;1;BÁSICO DE CONTABILIDAD COSTOS Y PRESUPUESTOS;NULL;NULL;NULL;0;0;0;0;0;0;NULL;0;NULL;NULL;NULL
22620489-1;22620489;1;TRABAJADOR AUTORIZADO PARA TRABAJO EN ALTURAS;NULL;NULL;NULL;0;0;0;0;0;0;NULL;0;NULL;NULL;NULL
63520580-1;63520580;1;ELABORACION DE PRODUCTOS DE REPOSTERIA.;NULL;NULL;NULL;0;0;0;0;0;0;NULL;0;NULL;NULL;NULL
93610225-1;93610225;1;COCINA INTERNACIONAL.;NULL;NULL;NULL;0;0;0;0;0;0;NULL;0;NULL;NULL;NULL
62360004-1;62360004;1;MARKETING  DIGITAL;NULL;NULL;NULL;0;0;0;0;0;0;NULL;0;NULL;NULL;NULL
51240092-1;51240092;1;ENGLISH DOES WORK - LEVEL 6;NULL;NULL;NULL;0;0;0;0;0;0;NULL;0;NULL;NULL;NULL
13420112-1;13420112;1;CONTRATACION Y AFILIACION A SEGURIDAD SOCIAL EN EL ENTORNO LABORAL.;NULL;NULL;NULL;0;0;0;0;0;0;NULL;0;NULL;NULL;NULL
12230001-1;12230001;1;HERRAMIENTAS PARA LA GESTION DEL TALENTO HUMANO;NULL;NULL;NULL;0;0;0;0;0;0;NULL;0;NULL;NULL;NULL
12210544-1;12210544;1;ATENCION AL CLIENTE POR MEDIOS TECNOLOGICOS.;NULL;NULL;NULL;0;0;0;0;0;0;NULL;0;NULL;NULL;NULL
51130034-1;51130034;1;ORGANIZACION DOCUMENTAL EN EL ENTORNO LABORAL;NULL;NULL;NULL;0;0;0;0;0;0;NULL;0;NULL;NULL;NULL
12210547-1;12210547;1;BLOCKCHAIN EN CRIPTOMONEDAS.;NULL;NULL;NULL;0;0;0;0;0;0;NULL;0;NULL;NULL;NULL
21720191-1;21720191;1;ADMINISTRACION DE SERVICIOS MICROSOFT 365 Y HERRAMIENTAS DE PRODUCTIVIDAD PARA LAS ORGANIZACIONES 4.0.;NULL;NULL;NULL;0;0;0;0;0;0;NULL;0;NULL;NULL;NULL
41311200-1;41311200;1;EJECUCION DE PROYECTOS PARTICIPATIVOS EN CONTEXTOS MULTICULTURALES;NULL;NULL;NULL;0;0;0;0;0;0;NULL;0;NULL;NULL;NULL
52620002-1;52620002;1;ELABORACION DE TEJIDOS EN TECNICA DE CROCHET;NULL;NULL;NULL;0;0;0;0;0;0;NULL;0;NULL;NULL;NULL
63410444-1;63410444;1;EMPRENDEDORES EN RECORRIDOS DE AGROECOTURISMO;NULL;NULL;NULL;0;0;0;0;0;0;NULL;0;NULL;NULL;NULL
73340237-2;73340237;2;FORTALECIMIENTO EN IMPLEMENTACION DEL PROGRAMA DE CERTIFICACION EN BUENAS PRACTICAS PORCINAS;NULL;NULL;NULL;0;0;0;0;0;0;NULL;0;NULL;NULL;NULL
13410016-1;13410016;1;GENERACION DE IDEAS PARA UN NEGOCIO INNOVADOR;NULL;NULL;NULL;0;0;0;0;0;0;NULL;0;NULL;NULL;NULL
93510497-1;93510497;1;ELABORACION DE ADORNOS NAVIDEÑOS.;NULL;NULL;NULL;0;0;0;0;0;0;NULL;0;NULL;NULL;NULL
63740000-1;63740000;1;CUIDADO DE ANIMALES DE COMPAÑIA;NULL;NULL;NULL;0;0;0;0;0;0;NULL;0;NULL;NULL;NULL
21540000-1;21540000;1;GENERACION DE IDEAS INNOVADORAS CON DESIGN THINKING;NULL;NULL;NULL;0;0;0;0;0;0;NULL;0;NULL;NULL;NULL
93510088-1;93510088;1;MANEJO BÁSICO DE MÁQUINA PLANA Y FILETEADORA;NULL;NULL;NULL;0;0;0;0;0;0;NULL;0;NULL;NULL;NULL
231203-1;231203;1;APLICACION DE PROCEDIMIENTOS DE LABORATORIO QUIMICO;NULL;NULL;NULL;0;0;0;0;0;0;NULL;0;NULL;NULL;NULL
63220082-1;63220082;1;MERCADEO Y VENTAS;NULL;NULL;NULL;0;0;0;0;0;0;NULL;0;NULL;NULL;NULL
3000138-2;3000138;2;EMPRENDIMIENTO EN PRODUCCION DE CERDO CEBADO;NULL;NULL;NULL;0;0;0;0;0;0;NULL;0;NULL;NULL;NULL
3000137-3;3000137;3;EMPRENDIMIENTO EN PRODUCCION DE HUEVO;NULL;NULL;NULL;0;0;0;0;0;0;NULL;0;NULL;NULL;NULL
22230007-4;22230007;4;ESTRUCTURACION DE MODELOS DE NEGOCIOS VERDES;NULL;NULL;NULL;0;0;0;0;0;0;NULL;0;NULL;NULL;NULL
62130004-3;62130004;3;MANIPULACION HIGIENICA DE ALIMENTOS.;NULL;NULL;NULL;0;0;0;0;0;0;NULL;0;NULL;NULL;NULL
66210009-2;66210009;2;HIGIENE Y MANIPULACION DE ALIMENTOS;NULL;NULL;NULL;0;0;0;0;0;0;NULL;0;NULL;NULL;NULL
66420048-1;66420048;1;FUNDAMENTOS EN ADMINISTRACION DEPORTIVA;NULL;NULL;NULL;0;0;0;0;0;0;NULL;0;NULL;NULL;NULL
93510501-1;93510501;1;LENCERIA HOGAR;NULL;NULL;NULL;0;0;0;0;0;0;NULL;0;NULL;NULL;NULL
33110233-2;33110233;2;PRIMEROS  AUXILIOS;NULL;NULL;NULL;0;0;0;0;0;0;NULL;0;NULL;NULL;NULL
33130222-1;33130222;1;CONDICIONES Y ESTILOS DE VIDA SALUDABLE;NULL;NULL;NULL;0;0;0;0;0;0;NULL;0;NULL;NULL;NULL
51240076-1;51240076;1;INGLES BASICO - NIVEL 4;NULL;NULL;NULL;0;0;0;0;0;0;NULL;0;NULL;NULL;NULL
52630008-1;52630008;1;DECORACION DE OBJETOS ARTESANALES EN ARTE COUNTRY;NULL;NULL;NULL;0;0;0;0;0;0;NULL;0;NULL;NULL;NULL
73310022-1;73310022;1;IMPLEMENTACION DE CULTIVOS EN LA AGRICULTURA URBANA;NULL;NULL;NULL;0;0;0;0;0;0;NULL;0;NULL;NULL;NULL
73310030-1;73310030;1;EMPRENDIMIENTO EN PRODUCCION DE CULTIVOS TRANSITORIOS;NULL;NULL;NULL;0;0;0;0;0;0;NULL;0;NULL;NULL;NULL
23120012-2;23120012;2;RECONOCIMIENTO DE LA CIENCIA, LA TECNOLOGIA Y LA INNOVACION A PARTIR DE METODOLOGIAS EXPERIENCIALES PARA ALCANZAR APRENDIZAJES SIGNIFICATIVOS.;NULL;NULL;NULL;0;0;0;0;0;0;NULL;0;NULL;NULL;NULL
12210005-1;12210005;1;FORMULACION DE PROYECTOS DE INVESTIGACION FORMATIVA;NULL;NULL;NULL;0;0;0;0;0;0;NULL;0;NULL;NULL;NULL
73322071-3;73322071;3;APLICACION DE CONDICIONES DE BIENESTAR ANIMAL EN LA PRODUCCION DE POLLO DE ENGORDE Y GALLINA DE POSTURA;NULL;NULL;NULL;0;0;0;0;0;0;NULL;0;NULL;NULL;NULL
52660007-1;52660007;1;ELABORACION DE COMPLEMENTOS EN BISUTERIA CON TECNICA DE ENSARTADO;NULL;NULL;NULL;0;0;0;0;0;0;NULL;0;NULL;NULL;NULL
12210006-1;12210006;1;DESARROLLO METODOLOGICO DE UN PROYECTO DE INVESTIGACION FORMATIVO;NULL;NULL;NULL;0;0;0;0;0;0;NULL;0;NULL;NULL;NULL
23120019-1;23120019;1;APLICACION DE LA CIENCIA, LA TECNOLOGIA Y LA INNOVACION A PARTIR DE METODOLOGIAS EXPERIENCIALES PARA LA FORMULACION DE PROYECTOS.;NULL;NULL;NULL;0;0;0;0;0;0;NULL;0;NULL;NULL;NULL
13530025-2;13530025;2;SERVICIO AL CLIENTE;NULL;NULL;NULL;0;0;0;0;0;0;NULL;0;NULL;NULL;NULL
12210016-1;12210016;1;APROPIACION DE LOS RESULTADOS Y PRODUCTOS DEL PROYECTO DE INVESTIGACION;NULL;NULL;NULL;0;0;0;0;0;0;NULL;0;NULL;NULL;NULL
22230011-1;22230011;1;MITIGACION Y ADAPTACION AL CAMBIO CLIMATICO A NIVEL LOCAL;NULL;NULL;NULL;0;0;0;0;0;0;NULL;0;NULL;NULL;NULL
51240089-1;51240089;1;ENGLISH DOES WORK - LEVEL 3;NULL;NULL;NULL;0;0;0;0;0;0;NULL;0;NULL;NULL;NULL
21720198-1;21720198;1;USO DE MICROSOFT POWER POINT PARA LA GENERACION DE PRESENTACIONES PROFESIONALES;NULL;NULL;NULL;0;0;0;0;0;0;NULL;0;NULL;NULL;NULL
22810047-1;22810047;1;BLOCKCHAIN: CONTRATOS INTELIGENTES;NULL;NULL;NULL;0;0;0;0;0;0;NULL;0;NULL;NULL;NULL
41311514-1;41311514;1;APLICACION DE LA ETICA Y HABILIDADES SOCIALES EN EL CONTEXTO LABORAL;NULL;NULL;NULL;0;0;0;0;0;0;NULL;0;NULL;NULL;NULL
3000115-1;3000115;1;SISTEMAS DE GENERACION DE ENERGIA ELECTRICA UTILIZANDO ENERGIAS RENOVABLES;NULL;NULL;NULL;0;0;0;0;0;0;NULL;0;NULL;NULL;NULL
52440457-2;52440457;2;ELABORACIÓN DE PRODUCTOS ARTESANALES EN CROCHET;NULL;NULL;NULL;0;0;0;0;0;0;NULL;0;NULL;NULL;NULL
52640006-1;52640006;1;ELABORACION DE NUDOS EN MACRAME;NULL;NULL;NULL;0;0;0;0;0;0;NULL;0;NULL;NULL;NULL
22620430-1;22620430;1;EVALUACION DE  IMPACTOS AMBIENTALES EN ACTIVIDADES PRODUCTOS Y SERVICIOS;NULL;NULL;NULL;0;0;0;0;0;0;NULL;0;NULL;NULL;NULL
42110153-1;42110153;1;EJERCICIO DERECHOS FUNDAMENTALES EN EL TRABAJO;NULL;NULL;NULL;0;0;0;0;0;0;NULL;0;NULL;NULL;NULL
52230014-1;52230014;1;DESARROLLO DE ESTRUCTURAS 2D Y 3D DE EMPAQUES EN PAPEL Y CARTON.;NULL;NULL;NULL;0;0;0;0;0;0;NULL;0;NULL;NULL;NULL
52450047-1;52450047;1;PATRONAJE DE PRENDAS DE ROPA EXTERIOR FEMENINA;NULL;NULL;NULL;0;0;0;0;0;0;NULL;0;NULL;NULL;NULL
96151463-1;96151463;1;EMPRENDEDOR EN PROCESAMIENTO Y COMERCIALIZACION DE AROMATICAS Y CONDIMENTARIAS DESHIDRATADAS;NULL;NULL;NULL;0;0;0;0;0;0;NULL;0;NULL;NULL;NULL
13350039-1;13350039;1;NOVEDADES Y LIQUIDACION EN SEGURIDAD SOCIAL INTEGRAL.;NULL;NULL;NULL;0;0;0;0;0;0;NULL;0;NULL;NULL;NULL
66210004-1;66210004;1;PREPARACION COMIDAS RÁPIDAS - AMASIJOS;NULL;NULL;NULL;0;0;0;0;0;0;NULL;0;NULL;NULL;NULL
96151461-2;96151461;2;HIGIENE Y MANIPULACION DE ALIMENTOS.;NULL;NULL;NULL;0;0;0;0;0;0;NULL;0;NULL;NULL;NULL
42110127-2;42110127;2;GESTION DE PROYECTOS COMUNITARIOS;NULL;NULL;NULL;0;0;0;0;0;0;NULL;0;NULL;NULL;NULL
66210048-1;66210048;1;COCINA ITALIANA;NULL;NULL;NULL;0;0;0;0;0;0;NULL;0;NULL;NULL;NULL
233103-1;233103;1;CONTROL DE LA SEGURIDAD DIGITAL.;NULL;NULL;NULL;0;0;0;0;0;0;NULL;0;NULL;NULL;NULL
13410563-1;13410563;1;MANEJO BASICO DE LA HERRAMIENTA DE HOJAS DE CALCULO EXCEL;NULL;NULL;NULL;0;0;0;0;0;0;NULL;0;NULL;NULL;NULL
832333-1;832333;1;MANTENIMIENTO E INSTALACION DE SISTEMAS SOLARES FOTOVOLTAICOS;NULL;NULL;NULL;0;0;0;0;0;0;NULL;0;NULL;NULL;NULL
22230016-1;22230016;1;MANIPULACION DE RESIDUOS PELIGROSOS;NULL;NULL;NULL;0;0;0;0;0;0;NULL;0;NULL;NULL;NULL
12210015-1;12210015;1;FORMULACION Y EVALUACION DE PROYECTOS;NULL;NULL;NULL;0;0;0;0;0;0;NULL;0;NULL;NULL;NULL
13410005-2;13410005;2;EMPRENDIMIENTO DE UNIDADES PRODUCTIVAS;NULL;NULL;NULL;0;0;0;0;0;0;NULL;0;NULL;NULL;NULL
12210000-1;12210000;1;APLICACION DE FUNCIONES Y COMBINACIONES MULTIPLES EN EXCEL PARA SOLUCION DE PROBLEMAS.;NULL;NULL;NULL;0;0;0;0;0;0;NULL;0;NULL;NULL;NULL
63520040-1;63520040;1;ELABORACIÓN BÁSICA DE TORTAS Y GALLETAS;NULL;NULL;NULL;0;0;0;0;0;0;NULL;0;NULL;NULL;NULL
52520061-2;52520061;2;ESTRUCTURACION DE PLANES DE ENTRENAMIENTO DEPORTIVO;NULL;NULL;NULL;0;0;0;0;0;0;NULL;0;NULL;NULL;NULL
12210010-1;12210010;1;ATENCION AL CLIENTE EN LOS PROCESOS ADMINISTRATIVOS;NULL;NULL;NULL;0;0;0;0;0;0;NULL;0;NULL;NULL;NULL
73311605-1;73311605;1;EMPRENDEDOR EN LA PRODUCCION DE BIOINSUMOS;NULL;NULL;NULL;0;0;0;0;0;0;NULL;0;NULL;NULL;NULL
21730047-1;21730047;1;DISEÑAR PÁGINAS WEB CON HTML Y JAVASCRIP;NULL;NULL;NULL;0;0;0;0;0;0;NULL;0;NULL;NULL;NULL
93530216-1;93530216;1;ELABORACION DE PRODUCTOS EN CUERO CON TECNICAS MANUALES;NULL;NULL;NULL;0;0;0;0;0;0;NULL;0;NULL;NULL;NULL
52440878-1;52440878;1;ELABORACIÓN DE ARTÍCULOS DECORATIVOS Y UTILITARIOS CON MATERIALES RECICLABLES;NULL;NULL;NULL;0;0;0;0;0;0;NULL;0;NULL;NULL;NULL
6000033-2;6000033;2;ELABORACION DE BIOABONOS SOLIDOS;NULL;NULL;NULL;0;0;0;0;0;0;NULL;0;NULL;NULL;NULL
13310002-1;13310002;1;CONTABILIDAD:  RECONOCIMIENTO DE RECURSOS FINANCIEROS;NULL;NULL;NULL;0;0;0;0;0;0;NULL;0;NULL;NULL;NULL
62330005-1;62330005;1;COSTOS Y PRECIOS DE UN PRODUCTO.;NULL;NULL;NULL;0;0;0;0;0;0;NULL;0;NULL;NULL;NULL
96151542-1;96151542;1;ELABORACION DE DERIVADOS LACTEOS CONCENTRADOS.;NULL;NULL;NULL;0;0;0;0;0;0;NULL;0;NULL;NULL;NULL
13310080-1;13310080;1;APLICACIÓN DE OPERACIONES CONTABLES BÁSICAS;NULL;NULL;NULL;0;0;0;0;0;0;NULL;0;NULL;NULL;NULL
13530003-1;13530003;1;SERVICIO AL CLIENTE DESDE LAS UNIDADES ADMINISTRATIVAS DE LA ORGANIZACION;NULL;NULL;NULL;0;0;0;0;0;0;NULL;0;NULL;NULL;NULL
51240082-1;51240082;1;INGLES PRE INTERMEDIO - NIVEL 1;NULL;NULL;NULL;0;0;0;0;0;0;NULL;0;NULL;NULL;NULL
73311563-3;73311563;3;MANEJO RACIONAL DE PLAGUICIDAS;NULL;NULL;NULL;0;0;0;0;0;0;NULL;0;NULL;NULL;NULL
52520074-1;52520074;1;CUALIDADES FISICAS EN EL ENTRENAMIENTO DEPORTIVO;NULL;NULL;NULL;0;0;0;0;0;0;NULL;0;NULL;NULL;NULL
93510011-2;93510011;2;CONFECCIÓN DE CAMISETAS DEPORTIVAS;NULL;NULL;NULL;0;0;0;0;0;0;NULL;0;NULL;NULL;NULL
96151453-1;96151453;1;ELABORACION ARTESANAL DE PRODUCTOS DE PANIFICACION.;NULL;NULL;NULL;0;0;0;0;0;0;NULL;0;NULL;NULL;NULL
52450042-2;52450042;2;ELABORAR PATRONES PARA PANTALÓN Y BUSO DEPORTIVO;NULL;NULL;NULL;0;0;0;0;0;0;NULL;0;NULL;NULL;NULL
41311433-1;41311433;1;ELABORACION ARTESANAL DE PRODUCTOS DE CHOCOLATERIA FINA;NULL;NULL;NULL;0;0;0;0;0;0;NULL;0;NULL;NULL;NULL
22620496-1;22620496;1;JEFES DE AREA PARA TRABAJO EN ALTURAS;NULL;NULL;NULL;0;0;0;0;0;0;NULL;0;NULL;NULL;NULL
93510510-1;93510510;1;ELABORACION DE ADORNOS Y MUÑECOS NAVIDEÑOS;NULL;NULL;NULL;0;0;0;0;0;0;NULL;0;NULL;NULL;NULL
12110086-1;12110086;1;PLANEACION DE LA PRODUCCION;NULL;NULL;NULL;0;0;0;0;0;0;NULL;0;NULL;NULL;NULL
21730067-1;21730067;1;INFORMATICA: MICROSOFT WORD, EXCEL E INTERNET;NULL;NULL;NULL;0;0;0;0;0;0;NULL;0;NULL;NULL;NULL
13530492-2;13530492;2;SERVICIO AL CLIENTE: UN RETO PERSONAL,;NULL;NULL;NULL;0;0;0;0;0;0;NULL;0;NULL;NULL;NULL
13410029-2;13410029;2;ADMINISTRACION DE RECURSOS HUMANOS;NULL;NULL;NULL;0;0;0;0;0;0;NULL;0;NULL;NULL;NULL
63730736-1;63730736;1;FUNDAMENTOS EN HIDROTERAPIA APLICADA A LA ESTETICA;NULL;NULL;NULL;0;0;0;0;0;0;NULL;0;NULL;NULL;NULL
13330051-1;13330051;1;ASESORIA AL CONSUMIDOR FINANCIERO.;NULL;NULL;NULL;0;0;0;0;0;0;NULL;0;NULL;NULL;NULL
12350000-1;12350000;1;ELABORACION DEL PRESUPUESTO PARA EL MANEJO DE LAS FINANZAS PERSONALES;NULL;NULL;NULL;0;0;0;0;0;0;NULL;0;NULL;NULL;NULL
23120000-1;23120000;1;MANEJO DE PRODUCTOS QUIMICOS;NULL;NULL;NULL;0;0;0;0;0;0;NULL;0;NULL;NULL;NULL
22230034-1;22230034;1;ESTRATEGIAS PARA LA INCORPORACION DE CRITERIOS DE SOSTENIBILIDAD.;NULL;NULL;NULL;0;0;0;0;0;0;NULL;0;NULL;NULL;NULL
11110098-1;11110098;1;EXCEL INTERMEDIO;NULL;NULL;NULL;0;0;0;0;0;0;NULL;0;NULL;NULL;NULL
63550096-1;63550096;1;PREPARACIÓN DE POSTRES NACIONALES;NULL;NULL;NULL;0;0;0;0;0;0;NULL;0;NULL;NULL;NULL
3000035-1;3000035;1;WORD  BASICO;NULL;NULL;NULL;0;0;0;0;0;0;NULL;0;NULL;NULL;NULL
62360012-1;62360012;1;EMPRENDIMIENTO DIGITAL;NULL;NULL;NULL;0;0;0;0;0;0;NULL;0;NULL;NULL;NULL
41311088-1;41311088;1;ESTRUCTURACION DE PROYECTOS FORMATIVOS;NULL;NULL;NULL;0;0;0;0;0;0;NULL;0;NULL;NULL;NULL
2000072-3;2000072;3;FUNDAMENTOS DEL SISTEMA DE GESTION DE SEGURIDAD Y SALUD EN EL TRABAJO;NULL;NULL;NULL;0;0;0;0;0;0;NULL;0;NULL;NULL;NULL
93240131-1;93240131;1;FUNDAMENTOS PARA LA POTABILIZACION DE AGUA;NULL;NULL;NULL;0;0;0;0;0;0;NULL;0;NULL;NULL;NULL
12110081-1;12110081;1;LIDERAZGO EFECTIVO;NULL;NULL;NULL;0;0;0;0;0;0;NULL;0;NULL;NULL;NULL
62210006-1;62210006;1;FUNDAMENTOS EN DERECHOS HUMANOS Y DERECHO INTERNACIONAL HUMANITARIO;NULL;NULL;NULL;0;0;0;0;0;0;NULL;0;NULL;NULL;NULL
93240130-1;93240130;1;TOMA DE MUESTRAS DE AGUA DE ACUERDO CON LOS PROTOCOLOS ESTABLECIDOS.;NULL;NULL;NULL;0;0;0;0;0;0;NULL;0;NULL;NULL;NULL
73310005-2;73310005;2;MANEJO POSCOSECHA DEL AGUACATE HASS;NULL;NULL;NULL;0;0;0;0;0;0;NULL;0;NULL;NULL;NULL
21720168-2;21720168;2;APRENDIZ DIGITAL;NULL;NULL;NULL;0;0;0;0;0;0;NULL;0;NULL;NULL;NULL
52520072-1;52520072;1;ESTRUCTURACION DE CARGAS EN EL ENTRENAMIENTO DEPORTIVO;NULL;NULL;NULL;0;0;0;0;0;0;NULL;0;NULL;NULL;NULL
73322057-1;73322057;1;INSEMINACION DE HEMBRAS BOVINAS;NULL;NULL;NULL;0;0;0;0;0;0;NULL;0;NULL;NULL;NULL
96151464-1;96151464;1;EMPRENDEDOR EN PROCESAMIENTO Y COMERCIALIZACION DE PRODUCTOS PANIFICABLES;NULL;NULL;NULL;0;0;0;0;0;0;NULL;0;NULL;NULL;NULL
13530523-1;13530523;1;CONTEXTUALIZACION DEL TURISMO COMUNITARIO;NULL;NULL;NULL;0;0;0;0;0;0;NULL;0;NULL;NULL;NULL
12150000-1;12150000;1;VALORACION DE INVENTARIOS.;NULL;NULL;NULL;0;0;0;0;0;0;NULL;0;NULL;NULL;NULL
96151478-1;96151478;1;EMPRENDEDOR EN PROCESAMIENTO Y COMERCIALIZACION DE PRODUCTOS LACTEOS;NULL;NULL;NULL;0;0;0;0;0;0;NULL;0;NULL;NULL;NULL
73322051-1;73322051;1;EMPRENDIMIENTO EN  PRODUCCION DE LECHE;NULL;NULL;NULL;0;0;0;0;0;0;NULL;0;NULL;NULL;NULL
63550158-1;63550158;1;COCINA SALUDABLE;NULL;NULL;NULL;0;0;0;0;0;0;NULL;0;NULL;NULL;NULL
22230014-2;22230014;2;MANIPULACION  INTERNA DE  RESIDUOS GENERADOS EN LA ATENCION EN SALUD Y OTRAS  ACTIVIDADES;NULL;NULL;NULL;0;0;0;0;0;0;NULL;0;NULL;NULL;NULL
12260001-2;12260001;2;COMUNICACION ASERTIVA Y EFECTIVA EN EQUIPOS DE TRABAJO;NULL;NULL;NULL;0;0;0;0;0;0;NULL;0;NULL;NULL;NULL
93240137-1;93240137;1;TRATAMIENTO PRIMARIO DE RESIDUOS SOLIDOS;NULL;NULL;NULL;0;0;0;0;0;0;NULL;0;NULL;NULL;NULL
52450111-1;52450111;1;PATRONAJE Y ESCALADO DE ROPA DEPORTIVA;NULL;NULL;NULL;0;0;0;0;0;0;NULL;0;NULL;NULL;NULL
83230000-1;83230000;1;IMPLEMENTACION DE SISTEMAS SOLARES FOTOVOLTAICOS AUTONOMOS;NULL;NULL;NULL;0;0;0;0;0;0;NULL;0;NULL;NULL;NULL
63720047-1;63720047;1;PRIMEROS AUXILIOS CON ENFASIS EN PRIMERA INFANCIA.;NULL;NULL;NULL;0;0;0;0;0;0;NULL;0;NULL;NULL;NULL
63720045-1;63720045;1;FORTALECIMIENTO DE LA EDUCACION INICIAL;NULL;NULL;NULL;0;0;0;0;0;0;NULL;0;NULL;NULL;NULL
22230027-1;22230027;1;APLICACION DE CONCEPTOS DE ECONOMIA CIRCULAR EN CONTEXTOS PRODUCTIVOS.;NULL;NULL;NULL;0;0;0;0;0;0;NULL;0;NULL;NULL;NULL
66210081-2;66210081;2;COMIDAS RAPIDAS;NULL;NULL;NULL;0;0;0;0;0;0;NULL;0;NULL;NULL;NULL
52660013-1;52660013;1;ELABORACION DE COMPLEMENTOS DE MODA EN BISUTERIA;NULL;NULL;NULL;0;0;0;0;0;0;NULL;0;NULL;NULL;NULL
3000010-1;3000010;1;EMPRENDEDOR EN PRODUCCION Y COMERCIALIZACION EN LECHONES.;NULL;NULL;NULL;0;0;0;0;0;0;NULL;0;NULL;NULL;NULL
93510012-1;93510012;1;CONFECCIÓN DE LENCERIA HOGAR;NULL;NULL;NULL;0;0;0;0;0;0;NULL;0;NULL;NULL;NULL
22620491-1;22620491;1;REENTRENAMIENTO EN TRABAJO EN ALTURAS PARA TRABAJADOR AUTORIZADO;NULL;NULL;NULL;0;0;0;0;0;0;NULL;0;NULL;NULL;NULL
93510010-2;93510010;2;MANEJO BÁSICO DE MÁQUINA PLANA;NULL;NULL;NULL;0;0;0;0;0;0;NULL;0;NULL;NULL;NULL
41520044-1;41520044;1;DESARROLLO DE HABILIDADES, PRINCIPIOS Y VALORES PARA LA VIDA Y EL TRABAJO;NULL;NULL;NULL;0;0;0;0;0;0;NULL;0;NULL;NULL;NULL
76130653-1;76130653;1;ELABORACION DE SUPLEMENTO ALIMENTICIO ANIMAL;NULL;NULL;NULL;0;0;0;0;0;0;NULL;0;NULL;NULL;NULL
63550080-1;63550080;1;COCINA TIPICA COLOMBIANA;NULL;NULL;NULL;0;0;0;0;0;0;NULL;0;NULL;NULL;NULL
93240027-1;93240027;1;OPERACIÓN Y MANTENIMIENTO DE ACUEDUCTOS;NULL;NULL;NULL;0;0;0;0;0;0;NULL;0;NULL;NULL;NULL
84720108-1;84720108;1;COMPETENCIAS CIUDADANAS EN LA SEGURIDAD VIAL.;NULL;NULL;NULL;0;0;0;0;0;0;NULL;0;NULL;NULL;NULL
93510498-1;93510498;1;CONFECCION DE ROPA HOGAR EN TECNICA DE  PATCHWORK;NULL;NULL;NULL;0;0;0;0;0;0;NULL;0;NULL;NULL;NULL
52520058-1;52520058;1;APLICACION DE PROGRAMAS DE ACTIVIDAD FISICA EN ADULTOS MAYORES.;NULL;NULL;NULL;0;0;0;0;0;0;NULL;0;NULL;NULL;NULL
52450471-1;52450471;1;PATRONAJE FEMENINO DE PRENDAS DE CONTROL;NULL;NULL;NULL;0;0;0;0;0;0;NULL;0;NULL;NULL;NULL
21720197-1;21720197;1;CONCEPTOS Y USOS PARA ADMINISTRADORES DE BASES DE DATOS CON MICROSOFT ACCESS.;NULL;NULL;NULL;0;0;0;0;0;0;NULL;0;NULL;NULL;NULL
93510479-1;93510479;1;CONFECCION DE ROPA INTERIOR MASCULINA;NULL;NULL;NULL;0;0;0;0;0;0;NULL;0;NULL;NULL;NULL
41311617-1;41311617;1;APLICACION DE METODOLOGIAS PARA EL DESARROLLO DEL COMPORTAMIENTO EMPRENDEDOR;NULL;NULL;NULL;0;0;0;0;0;0;NULL;0;NULL;NULL;NULL
63710006-1;63710006;1;ABORDAJE DE PERSONAS CON DISCAPACIDAD;NULL;NULL;NULL;0;0;0;0;0;0;NULL;0;NULL;NULL;NULL
63110180-1;63110180;1;CARACTERIZACION DE CANALES Y ESTRATEGIAS DE DISTRIBUCION COMERCIAL;NULL;NULL;NULL;0;0;0;0;0;0;NULL;0;NULL;NULL;NULL
66210082-1;66210082;1;COCINA COLOMBIANA;NULL;NULL;NULL;0;0;0;0;0;0;NULL;0;NULL;NULL;NULL
22310041-1;22310041;1;INTERPRETACIÓN DE PLANOS ARQUITECTÓNICOS;NULL;NULL;NULL;0;0;0;0;0;0;NULL;0;NULL;NULL;NULL
41311389-1;41311389;1;LIGAMENTOS ESPECIALES EN TEJIDOS ARTESANALES;NULL;NULL;NULL;0;0;0;0;0;0;NULL;0;NULL;NULL;NULL
83930184-1;83930184;1;APLICACION DE LA ELECTRONICA EN PROYECTOS DE CIENCIA, TECNOLOGIA E INNOVACION CON ENFOQUE RURAL;NULL;NULL;NULL;0;0;0;0;0;0;NULL;0;NULL;NULL;NULL
21720193-1;21720193;1;USO DE MICROSOFT EXCEL EN LABORES OPERATIVAS Y ADMINISTRATIVAS EN EL SECTOR PRODUCTIVO.;NULL;NULL;NULL;0;0;0;0;0;0;NULL;0;NULL;NULL;NULL
21720192-1;21720192;1;USO DE MICROSOFT EXCEL PARA GESTION DE INFORMACION, INTEGRACION CON DATOS EXTERNOS Y TAREAS COLABORATIVAS.;NULL;NULL;NULL;0;0;0;0;0;0;NULL;0;NULL;NULL;NULL
21720194-1;21720194;1;USO DE LA HERRAMIENTA OFIMATICA MICROSOFT WORD PARA EL PROCESAMIENTO DE TEXTOS.;NULL;NULL;NULL;0;0;0;0;0;0;NULL;0;NULL;NULL;NULL
72312171-1;72312171;1;APLICACION DE LAS BUENAS PRACTICAS APICOLAS EN LA ESPECIE APIS MELLIFERA;NULL;NULL;NULL;0;0;0;0;0;0;NULL;0;NULL;NULL;NULL
73322074-1;73322074;1;APLICACION DE CONDICIONES DE BIENESTAR ANIMAL EN LA PRODUCCION DE PORCINOS;NULL;NULL;NULL;0;0;0;0;0;0;NULL;0;NULL;NULL;NULL
66210073-1;66210073;1;COCINA COLOMBIANA;NULL;NULL;NULL;0;0;0;0;0;0;NULL;0;NULL;NULL;NULL
96151446-1;96151446;1;ELABORACION DE PRODUCTOS PANIFICABLES HOJALDRADOS;NULL;NULL;NULL;0;0;0;0;0;0;NULL;0;NULL;NULL;NULL
76130000-1;76130000;1;PRODUCCION DE HONGOS COMESTIBLES Y MEDICINALES CON ENFASIS EN LA ORELLANA;NULL;NULL;NULL;0;0;0;0;0;0;NULL;0;NULL;NULL;NULL
13420000-1;13420000;1;SELECCION DE PERSONAL;NULL;NULL;NULL;0;0;0;0;0;0;NULL;0;NULL;NULL;NULL
52450469-1;52450469;1;PATRONAJE DE VESTIDOS DE BAÑO PARA DAMA;NULL;NULL;NULL;0;0;0;0;0;0;NULL;0;NULL;NULL;NULL
52440100-2;52440100;2;TÉCNICAS DE PINTURA EN TELA;NULL;NULL;NULL;0;0;0;0;0;0;NULL;0;NULL;NULL;NULL
52440872-1;52440872;1;ELABORACIÓN DE ARTÍCULOS DECORATIVOS Y UTILITARIOS APLICANDO TÉCNICA DE ACRÍLICOS;NULL;NULL;NULL;0;0;0;0;0;0;NULL;0;NULL;NULL;NULL
51240090-1;51240090;1;ENGLISH DOES WORK - LEVEL 4;NULL;NULL;NULL;0;0;0;0;0;0;NULL;0;NULL;NULL;NULL
51240096-1;51240096;1;ENGLISH DOES WORK - LEVEL 10;NULL;NULL;NULL;0;0;0;0;0;0;NULL;0;NULL;NULL;NULL
51240097-1;51240097;1;ENGLISH DOES WORK - LEVEL 11;NULL;NULL;NULL;0;0;0;0;0;0;NULL;0;NULL;NULL;NULL
51240098-1;51240098;1;ENGLISH DOES WORK - LEVEL 12;NULL;NULL;NULL;0;0;0;0;0;0;NULL;0;NULL;NULL;NULL
51240099-1;51240099;1;ENGLISH DOES WORK - LEVEL 13;NULL;NULL;NULL;0;0;0;0;0;0;NULL;0;NULL;NULL;NULL
52520073-1;52520073;1;MODELOS DE PLANIFICACION DEPORTIVA;NULL;NULL;NULL;0;0;0;0;0;0;NULL;0;NULL;NULL;NULL
51240079-1;51240079;1;INGLES BASICO - NIVEL 3;NULL;NULL;NULL;0;0;0;0;0;0;NULL;0;NULL;NULL;NULL
4230004-1;4230004;1;ECONOMIA SOLIDARIA CULTURA Y ASOCIATIVIDAD;NULL;NULL;NULL;0;0;0;0;0;0;NULL;0;NULL;NULL;NULL
21710107-1;21710107;1;ANALITICA DE DATOS PARA PROCESOS LOGISTICOS;NULL;NULL;NULL;0;0;0;0;0;0;NULL;0;NULL;NULL;NULL
22810249-1;22810249;1;HERRAMIENTAS AVANZADAS DE HOJA DE CALCULO;NULL;NULL;NULL;0;0;0;0;0;0;NULL;0;NULL;NULL;NULL
96151447-1;96151447;1;ELABORACION DE PRODUCTOS DE PANIFICACION A BASE DE QUESO;NULL;NULL;NULL;0;0;0;0;0;0;NULL;0;NULL;NULL;NULL
83830301-1;83830301;1;MANTENIMIENTO DEL SISTEMA DE INYECCION DE COMBUSTIBLE EN MOTOCICLETAS;NULL;NULL;NULL;0;0;0;0;0;0;NULL;0;NULL;NULL;NULL